"pr_productkey","pr_userkey","pr_productname","pr_orderkey","pr_reviewdate","pr_review","pr_rating"
"25","14","he","131","2024-02-09","Education Mrs site well thought computer commercial. Face page author become number catch. Home prove include game market person mention.","3.3"
"33","47","yard","15","2023-10-28","Describe hot cover discussion probably weight. Reach board pick together about choose show. May evidence relate fight instead. Leader note if tough.","1.7"
"41","9","human","63","2024-02-10","Hospital enjoy truth her. Close compare establish senior end degree discussion.
Language senior opportunity city good Democrat. Tough instead small through dog.","4.3"
"46","6","suffer","153","2023-12-11","General lawyer well whether. Herself ask him east dark authority learn. Security rest front.
Nature often something purpose meet budget industry. Success past century firm sell. Cause paper dinner.","2.5"
"198","42","her","25","2024-01-23","Western laugh game figure my. Ability option or sort key history music.
Impact ago hundred name.
Note check form level mother large. View crime to boy child.","3.9"
"191","47","manager","16","2023-04-16","Find try right full true oil quickly. War once even store establish series trouble. Place run fight performance fish stay conference television.
Car center more.","4.8"
"113","36","find","60","2023-06-04","Other into very year. Sometimes choice way. Rise response water price simply.
Center effect despite political they herself. Tax main community spend fast. Significant language check PM consider.","2.6"
"175","30","sell","86","2023-04-17","Heart possible we ability. Consider arm future wall respond top may nor. Enjoy like market case north.
Small century lot card. Someone history recent kitchen fund send. Back Democrat simple any.","3.9"
"200","34","Democrat","165","2024-02-11","Several enough computer may fine evening believe.
Agree such turn music radio fill. Street message thousand before. New any account option enter new work.","3.2"
"176","16","other","178","2024-02-12","Present family people just recently remain blue.
Administration law my guy debate method job.
Throw about significant my. Mr smile peace central run exactly soldier. Expect level doctor stock least.","4.6"
"50","44","reflect","115","2023-05-06","Perform quickly whole admit find. Glass seven front politics.
Consumer along memory worry money rich. Mention author hard and item.
Heavy television to road person.","3.5"
"112","14","security","195","2024-02-29","Animal shake southern budget. Agree cultural everybody glass.
Could evidence she. Simple often happen deal own. Training practice return growth foreign be tell.","1.7"
"137","38","effect","198","2023-06-04","Put work his start growth system rock. Decide never there ability memory. Attorney yet military protect resource use property.","3.8"
"154","25","no","63","2023-10-05","Final when big certain around tough result wish. Society former same their American. Material sit left argue set between.","1.5"
"35","46","customer","28","2023-08-21","Knowledge keep sure boy position. Product picture individual artist parent most trouble. Pressure lose responsibility role director stop million.","2.2"
"108","15","go","173","2023-10-26","Step program building investment open line life. Employee lot main Mr discuss great way. Together side strong.","2.9"
"188","3","important","54","2023-06-01","Green black reflect. Window she TV but.
Recognize drop month several. Personal tend responsibility.
Place anyone sense professional modern develop old. Heart sometimes hundred check certainly.","4.7"
"124","50","about","96","2023-09-07","Style better budget impact we above nothing join. Other song fast start project guess chair.","3.4"
"89","1","history","96","2023-04-21","Tough dream thus. Likely material talk various involve.
Day guess little later night yet almost. Speech design never while.
West its chair describe. Bit act about color.","3.5"
"109","8","wife","171","2023-05-26","Summer hundred song focus. Hand cell truth group film.
Notice opportunity me hot just west. Yard deep teach answer field hold bag pay.","3.5"
"117","11","common","58","2023-07-04","Size finish hand over sense admit. High trial administration.","2.6"
"43","8","once","109","2023-12-06","Mission people form. Chair general return represent official floor. End smile house whether young.
South themselves show money. Response style money traditional language least.","4.2"
"89","35","similar","121","2023-07-13","Base leg case show interesting. Run within air idea. Difference me end sometimes social entire.","4.7"
"111","11","should","71","2023-11-30","She television these general today choose.
Development raise civil brother impact beyond may. Simply common close professor.","2.4"
"90","32","gun","86","2023-05-04","Music item country adult lawyer. Land adult Mrs current identify.
Control cost authority various young make think. Money man should contain realize appear dinner unit.","4.8"
"102","40","management","172","2023-09-25","Impact option sport buy brother air. Worry result through might build arrive toward.
Cup some reach worker thing. Parent sign wait you early green. Newspaper magazine image strategy.","4.6"
"126","18","lose","119","2023-04-25","Nothing ask him radio democratic. Finish back media safe.
Well what such course. Great security man figure security gun.","2.3"
"12","27","really","108","2023-07-05","Nor include meeting sound it. Turn stop view tree line.
Loss onto family assume how exactly time. Cultural alone forget.
Statement tell particular decade. Participant concern seem.","4.8"
"18","16","hard","154","2023-11-20","Play air sort color. Call rest meeting strong affect spring. Range line feel follow protect.
Character student road air cell alone actually music.","1.7"
"143","23","above","151","2023-07-04","Hope result beautiful sometimes table thus. Answer need mean letter fill day test. Or professional country building nothing difference.","2.5"
"166","42","officer","79","2023-04-26","Offer lay training house.
Field after of article after collection. Air board entire member challenge hair resource. Whatever car later.","3.8"
"40","2","air","100","2024-01-16","Piece hot same.
Mother around good great. Maybe up run item early degree. Hot team party low various contain.","1.2"
"159","9","above","122","2023-09-01","Country foot meeting without.
Similar by off while office feeling back democratic. Ask value tough forget low. Hit magazine inside including soon city.","4.4"
"48","16","soon","80","2023-12-20","Soldier mouth book behind tend interesting move. Yes nature executive price.
Another dream feeling main subject similar. Deal claim record this movie.","1.5"
"125","15","everything","101","2024-01-10","Card must employee sea if. Art feeling during black key participant already marriage.
Building movie thought score same. Them organization source woman blood research hit. Day sea trip try center.","2.3"
"148","50","short","178","2023-06-20","Consumer remain religious interview third step tonight. Way forget policy two say decision result. Will national take then local so least.
So firm show state somebody wide back. Staff ball let side.","1.6"
"102","41","produce","181","2023-11-05","Cup speak land state. Know law step result most bad million.
Clearly treat coach memory. Under then boy camera owner or notice also. For scientist call cost number pick available.","2.5"
"184","12","center","140","2023-06-22","Green movie source weight pass he life. Billion establish population item PM.
Thing himself fire evening with. Relationship serious learn.","4.3"
"29","34","week","21","2023-05-06","Majority develop prepare low act Mr life.
Them law trouble time meeting employee on. Sure service marriage great beat.","2.6"
"89","4","job","25","2024-01-17","School car across interest. Cup thing technology last would suggest former.
Technology walk activity represent for natural. Matter parent network shoulder. Light picture southern heart.","4.9"
"86","47","listen","47","2024-01-23","Set chair occur opportunity. Knowledge voice near matter cup write. Bit huge ask get mother. Mouth rock present parent who issue those about.
Data everybody shoulder show especially couple laugh.","3.2"
"191","26","individual","185","2024-01-21","Development everything book paper number plan. Continue weight kid religious half law of.
Friend weight mind when weight range apply few. Factor like hard.","1.3"
"55","2","finish","144","2023-09-09","Different middle than serve manager.
Data develop great house mission. Child draw teacher huge fly car. There as attorney and.","2.2"
"41","42","since","99","2023-11-17","Town follow win coach human particular. Million end box Congress. By all figure ever model. Seven detail small computer thing air travel.","4.0"
"164","21","rich","179","2023-08-12","Many draw mention eye. Like change conference discussion few sell rise. Well class window start line believe.
Around product situation whose decide. Face despite before admit such market store.","4.2"
"193","11","behind","117","2023-06-04","Lay identify response record.
Process issue simple future phone. Effort shake trip get. Word its notice tough.","2.1"
"34","42","number","185","2024-03-18","Everyone reality all where environment. Stuff themselves agency pull.","2.2"
"164","23","scientist","112","2023-10-19","Very air alone accept too.
Quickly individual community black. Name prevent size father. Democratic seven where then finish protect watch.","2.7"
"92","32","foot","113","2023-05-14","Tree long paper game. Blood pressure where.
Rise ready perform stop stock. Do travel possible majority. Discussion on culture he official assume right.","4.9"
"195","38","near","72","2023-09-25","Serious land degree drop explain care other. Family bar free great different social. Truth response executive cause key thing increase.
Smile stay any. Line dark build bag site.","4.5"
"110","29","itself","191","2023-05-19","Risk class manage data item break style. Admit work huge.
Policy serve tough kitchen follow. Family north music individual long most one.","3.2"
"21","46","on","152","2023-06-01","Call whatever way break he consumer themselves. Realize financial increase film bill miss. Nature what appear focus every her.
Discover wait matter health. Piece analysis level specific.","2.9"
"164","26","though","70","2023-10-02","Hope thing help toward nearly base. Admit popular character series measure never. Force ten make Democrat describe nice sometimes.","4.1"
"33","13","their","177","2024-01-23","Party once best ever beat. White maybe goal least international ability.
Thing happy mention share. To clear agree today ground research.","4.2"
"10","18","without","129","2023-08-04","Help away produce picture trouble manage address. Friend father return order. Far region ten food star speak other.
Air water pretty week into media. Person rate size.","2.0"
"197","13","vote","84","2024-01-06","Source at first ok most whose. Stay cell game boy step blue. Enter herself like change drive series professor source.
Decide right today draw wear to. Her focus wrong low hot.","4.8"
"87","19","behind","11","2023-09-24","Remember quite truth perform this coach.
Sport moment unit continue. Husband off property use happen.
Put such pay special less. Owner four building since far position need.","2.2"
"169","31","manage","176","2023-10-16","Happen just record. Across community enjoy good staff set arrive. Doctor everything officer focus deep behind. Describe thus mouth read.","4.7"
"181","39","result","144","2024-02-14","Still whole think entire television for word. Member far wind throw white but similar piece.
Message those itself public again. Teach policy class.","1.8"
"135","1","culture","133","2024-03-16","Because administration start garden. Get audience measure space simply half.
Southern open war claim note. Never management family policy. Possible set red their billion.","1.4"
"60","1","thus","170","2023-07-19","Behavior along three use church Congress fish move. Dream blood order pick practice. Former administration performance determine study indicate money company.","4.3"
"109","2","interview","6","2024-02-05","Strong top evening always. Generation front several history head purpose.
His yes onto debate common season. Choose reflect discuss them name source concern.","4.6"
"159","35","hospital","29","2023-06-02","Piece security finally resource upon. Live concern team son shake especially believe might.
Pressure including benefit make prepare. Energy someone relationship interview purpose anyone.","2.0"
"138","41","onto","113","2023-07-23","Fire lot film cover reason stay. Art walk shake heart. Ok us determine necessary morning.
Image open part happen share. Painting life really cut occur my example.","3.7"
"37","25","develop","51","2023-12-07","Form cup push occur question stuff. Particular law call court firm politics.
Not keep economic bill result owner. Political tonight theory mother go so evidence. Pm push know factor too.","3.2"
"106","45","candidate","162","2024-01-09","History case miss third here. Great son follow especially some. Front fill entire crime page standard. Accept talk everyone pretty agree second nation.","2.1"
"112","5","wrong","185","2023-09-11","Far expert family contain enough rather. See focus bank. Million color process region. Attack some if spend quickly Mr.
Stuff about wear.","1.6"
"133","33","above","79","2024-02-02","Green worker throw including. View oil head institution. Federal one perform stop capital young above.","1.1"
"136","5","forward","145","2023-06-26","Tough discuss team value free. Next increase them know.
Billion father where. Whom onto recognize again room growth describe.","3.1"
"199","37","production","20","2024-02-07","Commercial ready ever field. Ready serve buy firm toward send million. Name sometimes identify never between.
Democrat site police.
Southern he hour seek become hour. Local rule region single deep.","3.2"
"143","49","alone","150","2023-11-20","Particular response past win eat. Want now size station environment response sister. Store article into price full run would.","3.7"
"56","17","level","177","2023-09-07","Decision maybe dream billion executive ability together our. Usually traditional growth tax president leader far. Anyone purpose draw about enter.","3.1"
"130","47","full","145","2023-09-03","Feel matter per single girl. Right who dinner season forward pay floor be. Indeed increase director.","3.4"
"44","32","main","140","2024-02-08","His major site agent. With picture work themselves.
Public direction environmental appear thought back. Because time ago continue level.","4.5"
"45","11","compare","95","2023-11-07","Cause nor agree speak official participant discover office.
Mrs marriage spend collection. Loss continue point while.
Seat up girl day still statement news. Me red war campaign campaign however.","3.9"
"190","14","back","36","2024-01-30","Contain trip bank produce push. Born enter live wish she dog. Figure wide until organization baby job.
Air majority town board exist lay goal. Born keep send require it full.","2.7"
"145","47","police","109","2023-08-15","Night others seat thus. Site yeah reflect fund central degree hotel.
Despite music positive marriage. Skin maintain notice our throughout international image claim.","4.2"
"191","38","successful","179","2023-11-20","Concern way change myself bit. Kid Democrat truth return picture own adult. Site person firm whether care.
News economy result boy ground. Item member best seem meet.","2.0"
"111","31","structure","76","2023-10-05","Program get me attention president century. Employee chair gas every billion able pass. Class protect director truth imagine.
Trouble like response week child.
Skill then hot possible.","2.3"
"71","36","statement","46","2024-01-10","Law feel at kid exist. Half lead agent boy use which foreign. Local debate subject month.","2.6"
"113","50","view","184","2023-07-26","Speech civil share drive.
Heart first college line when indeed. Drop develop world evidence one. Ground old list economy.
Involve loss laugh prepare off in shoulder. Cup huge pull nice culture.","1.2"
"52","16","brother","134","2023-06-09","Those however hundred same grow watch chance. Section particular central friend.
Water hard left serve run vote. Join know enjoy center available star visit. Chance national visit threat just lead.","1.8"
"34","21","reality","104","2024-03-09","Like figure high personal read.
Under memory economic everything type. Space vote since executive within.
Might every development. Boy kind teach paper. Example increase window instead read prevent.","1.6"
"181","20","financial","186","2023-10-04","That meet above player garden might. Mother baby service choice second cost. Pick until cell outside.
Option himself author any watch. Happen movement loss capital character table.","4.8"
"158","37","move","134","2024-02-06","Lay late simple. Pick toward face.
She nearly unit worry lose item myself. Step ok reality music side team yet subject. Drive federal food face.","1.3"
"197","37","wish","58","2023-04-23","Half particularly power impact. Live address develop.
Sort field pretty suggest check. Have pressure serious go her. Prove little hot seat any stuff.","2.7"
"1","10","lead","5","2024-01-07","Office democratic upon. Subject coach education growth arm simply.
Other tell national look. Buy small network budget them upon he.","4.1"
"179","26","early","197","2024-03-12","People character yes office final weight together. Medical coach control lay. Painting service kind.
Sea apply picture artist become. Condition walk director on arm thus.","3.1"
"116","10","ok","50","2024-01-30","Voice responsibility social that growth occur. Check person president any full reveal investment.","2.6"
"159","34","term","171","2023-05-22","Ask Republican ability company manage. Within art stop ground yeah industry.
Ten body blood practice.
Budget choice how certainly debate current past cell.","1.8"
"118","10","position","50","2023-06-16","Service thought culture month treat fine. Leader report team.
Compare building air. Rich two bag eye reason. Pressure reason usually process hand social wall.","1.7"
"94","23","single","150","2023-08-08","Role again personal action treatment test foot. Community hotel age do night eye. Resource particularly move last building area.","1.6"
"130","18","standard","2","2023-09-01","Skin employee score center. Management road station letter person pick. Decide event scene hot way several.","3.2"
"1","29","public","79","2023-10-19","Physical success likely different sing season seek PM. Mind beyond three you include around. Produce time look animal cold reach.","2.6"
"74","4","director","151","2023-08-27","House beat any security. Food space site. Method whatever however thing expert candidate.
Painting report trial current fact company. Likely head despite.","2.0"
"96","13","second","71","2024-02-01","Attorney process agent fly. Trouble prevent quite. Why that sure agency.
Interesting meet usually hundred partner town manage approach. Candidate surface line others will evening president.","4.6"
"105","42","nearly","161","2023-05-08","Note term fear road democratic wish hand. Somebody prepare bring effect well speak. Within artist pay reason under.","1.9"
"109","31","follow","161","2023-06-20","Good want why year thousand with.
Control yet person air.
Away national near head.","5.0"
"132","28","PM","115","2023-06-25","Situation car four per. Two community attention kind glass wall. Probably stop young dark expert society good.
Guy respond everything artist appear. Us region write.","4.5"
"35","46","bed","146","2023-10-16","Lead him exactly against seven. Interesting where on allow. Allow find by.
Stay where case never space prepare ask. At remember these do discuss network.","3.0"
"21","33","measure","51","2023-07-12","Positive maybe son Republican. Machine find standard TV quickly game. So cultural room choice.","3.6"
"84","48","dark","2","2024-02-26","Audience put local over. Deal report across reason.
Then significant natural can decide. Several paper wear woman though father sign hand. Even glass learn end.","2.9"
"30","23","manage","56","2024-03-15","List around wife continue relationship sound for. Sense black include ability. Compare live point quickly poor.","4.2"
"1","1","exist","58","2023-12-18","Carry chair program whatever it table brother. Trip dream usually people opportunity radio.","2.4"
"177","3","officer","84","2023-12-22","Put feeling another decide response purpose several. Admit blue sound health do. Least rather special ahead.
Upon require mind middle bad join. Sure business home order.","1.2"
"1","6","a","35","2024-01-18","Support majority treat glass enter I now. Example stock expect.
Wrong smile enter result do son admit. Process front lot sometimes me.","1.3"
"100","10","real","101","2023-05-17","Generation all indeed against audience necessary. Professor make lead community.
Reflect important here radio task bar moment watch.","4.7"
"161","50","current","101","2024-02-16","Of radio before meet meeting send price. Create method cultural quickly. Find might look learn pay skin senior.
Religious war development read. Nor black huge leave reach suggest development.","2.2"
"98","7","customer","100","2023-12-27","Main charge all relate nature. Worry others admit sure citizen reach though.
Information car either could hand order upon. Character option individual prepare deal. Week seek international.","2.5"
"68","10","campaign","97","2023-12-11","Fill guess image customer remain administration fear.
Agreement toward morning thus any lose reveal. Think involve bit inside arm.","2.4"
"61","13","quite","155","2023-08-31","Enough material front. It laugh window staff firm leave notice.
Political design start television address. Work most few available pass so Republican. Last hope concern actually response.","3.8"
"187","39","strategy","66","2024-04-06","Center cause support defense cold manage food. Represent exactly goal American party rich. Well weight why from.
Network blood along free. Manager professor certainly table economic.","2.2"
"175","47","five","64","2024-02-06","Way laugh style. Third change eye.
Loss set cost. Tough material often dream need.","3.9"
"186","24","senior","70","2023-08-16","Company hit possible paper because.
Loss family include major different staff indeed give. Us popular soldier both fact store amount economic. After consider machine staff stop.","1.5"
"147","46","minute","183","2023-07-12","Something young piece include.
True prepare but rest organization keep. Why group her at a artist career.
Recently community federal experience one why.","1.0"
"179","19","risk","92","2023-12-05","Catch social believe win quickly. Still show foreign military its. Fly only smile bed pattern lose film.","2.4"
"155","15","change","2","2023-06-20","Even discussion beautiful be bill. Drug four should shake. Research explain everything why as blue by. Mother light require join.","4.9"
"24","37","design","110","2023-05-16","Right each allow purpose. Help win pattern term one difference.","2.5"
"70","2","family","10","2024-02-02","Toward someone point behavior international. Month within far street. Guess stage these agent election citizen director film.
Drive teacher thus movement them need.","3.3"
"20","48","become","43","2023-08-20","Difficult common heavy among or face artist. Speak if short great. Store four hope court process future attention attorney.
Contain respond again with without game whole.","3.8"
"77","42","whether","165","2023-05-09","Near on then fast never main. Window begin benefit second whether. On cover specific study church test fire. Its ask themselves very.","1.7"
"180","45","now","24","2024-01-30","View conference particularly sort. There issue look drive expect authority seem.","3.8"
"112","40","dog","166","2023-09-08","Family practice because opportunity nation thing floor history. Money like trade. See stuff coach pay success model activity.","2.8"
"157","6","defense","47","2023-06-16","Agency exactly east energy ahead prevent leader. Year development subject agent author. Exist top hear perhaps peace meet in site.","4.3"
"180","4","community","143","2024-03-06","Risk find wrong central voice loss help current. One member chance. Manager special develop.
Parent avoid fight beautiful. Ready evening but Mr.","3.8"
"68","14","but","147","2023-05-20","Dark range player us leader care.
But consider together.
Program you everyone adult page. Fact tend she evidence prepare difference. Realize either through very training.","1.2"
"157","18","life","137","2024-02-03","There situation rise heart picture.
We term important. Fear goal stuff responsibility property thus. Per knowledge radio civil read.
High ahead paper instead kid throughout determine.","3.7"
"152","4","together","85","2024-03-07","Change class develop big up amount. Possible bring imagine program yourself reveal moment. Beat data itself produce receive receive including.","2.9"
"116","14","everything","75","2023-04-29","Speech meet treatment share party. Support meeting various study story enter performance.
Wait hand us quickly. Trade follow toward already.","4.2"
"81","34","yard","84","2024-02-06","Chair kind structure method fact term unit. Wait require leg sure home strategy guy. Particularly safe sing wonder family also.","4.5"
"196","47","will","69","2023-06-03","Catch medical serious mean agent control network. Community write old any. Evidence popular method general represent new. Claim generation exist from easy major help.","2.1"
"143","34","result","80","2023-08-07","Power interest help trip result middle already hope. Party put sing mention technology. Condition son indicate term.
Him back court check plant same open. Trouble ability even paper rest also.","4.4"
"174","40","foot","100","2024-03-07","Threat movie my throw. Participant eye way carry board skin.
Realize space tax fall student and letter little. Sound nation reveal begin. Both important add true music film.","4.7"
"95","8","popular","121","2023-08-02","Success cost whose enter family base. Government property tree carry very student.
Not police actually tonight. Risk bag recent cause. Next stage I nor recent message.","4.8"
"127","24","couple","40","2023-04-25","Exist job community task lay. History far garden.
Friend billion budget either finally wall bit trip. Like arm market everything.
Letter rule impact like thus cost. Southern huge say dinner.","4.7"
"184","7","far","183","2023-05-15","Matter figure note southern strategy. Leader energy will bag garden best. Wish six until.
Enjoy film well lay down three perhaps. Mouth every out dream interesting.","4.1"
"23","3","involve","179","2023-07-17","Market describe suffer four may through security. Something name decision rule knowledge opportunity great.","2.1"
"120","8","especially","121","2024-03-14","Perform wait same them film health language. Ability listen lay executive its store.
Art drive response central drop however great. Week various before letter student team.","3.6"
"26","14","probably","159","2024-01-21","Happy opportunity behind present. Quality fish food leave eat us maintain. Score true room three job bit few.
Onto animal expert. Compare field open others various bank.","4.3"
"143","13","a","25","2023-08-25","Once brother stand adult. Father black federal human.
Nation major along attorney billion check party. Large political Mr produce effort him light fact.","2.0"
"50","40","heavy","27","2023-08-27","West she thus let notice. Daughter relate Mr despite both dream.
Mrs report girl because. Strong window young anything. General break at care.","1.9"
"11","32","court","74","2023-06-17","This look at feel travel moment. Onto many capital term.
Across ability she inside car he ok. Image role teach Mrs in there true.","4.9"
"26","8","provide","69","2023-11-05","Collection machine our shake. Reach scene some ten act weight.
Loss address long wife. Site policy relationship our.","3.3"
"28","23","student","189","2023-10-17","Wall walk who imagine trouble owner. Might main maintain.","2.4"
"54","23","find","32","2023-04-30","Model lawyer center figure different. Blue nation thus science. Why manager little name light very economy pass.
Cultural base both remain. Plan every each card street project company.","2.3"
"79","14","visit","91","2023-11-30","Education alone write camera road eight.
Someone strong mention those. Window above operation perhaps teach east world bit.","4.8"
"108","38","instead","14","2023-09-16","Him guess positive perhaps against live life. Than option mean marriage news.","3.8"
"188","2","region","47","2023-12-17","Only bill later huge. Right own show collection player election. Discussion network then senior policy interesting.
Need heart carry account. Minute another coach.","2.5"
"117","5","school","8","2023-06-17","Tree important ask star herself. Beautiful difference report responsibility next. Central road according plan week peace officer.","3.8"
"76","47","dog","78","2023-06-15","Among change goal manager certainly must identify plant. Left mention ago region nor evidence.","2.1"
"95","23","fire","30","2023-08-11","Deal service agent already improve style. Hundred return nature no through.
Interesting movie so writer. Rise tell old some process focus head. Choice record whatever behavior budget fall such.","2.8"
"98","30","that","110","2023-09-17","Describe policy seek arrive baby mission. Return why alone its open upon.","1.8"
"24","35","senior","46","2023-11-25","Send believe western chair usually political picture test. Gas black evidence. Action production whole its interest accept.","3.6"
"82","44","road","185","2024-01-24","National put fear often himself. Poor with far success often bring five. Thought support project wonder piece.","4.3"
"178","3","entire","156","2023-05-14","Father production order choice most. Sound be certainly fly picture space. Senior sound that operation avoid morning their nation.
Other role not participant. Response it six realize doctor.","1.9"
"106","45","run","142","2024-03-14","One foreign space whether mother. Action point theory all country prevent we.","4.1"
"147","3","stand","25","2023-12-04","Camera start really benefit risk security article. Buy order begin future Mr benefit.
Drug range account respond. Shake measure start. Government south detail energy.","2.6"
"155","17","rule","48","2024-02-06","Newspaper season me. Offer source maintain fire. Notice kid size board discover.
Deep ball not yet. Voice Republican radio customer two pass. Where design four lose far down power.","1.3"
"143","10","across","53","2023-09-30","Live measure partner professor. Work now positive stage teacher.
Expert near owner. Feeling cut buy unit story art.","2.1"
"97","2","cell","34","2023-09-15","Information bill kid before action receive. Piece energy Mrs wide team successful nor. Travel turn market.","2.9"
"180","22","wall","138","2023-10-20","Air action student interest sport purpose nice. According action probably despite. Consumer Mrs through.
However bank make easy.
Go too newspaper result resource serve. Worker call card story.","3.5"
"173","9","fire","17","2023-12-08","Seem day risk consider executive picture single. Surface writer opportunity treatment record trip special sign.","2.8"
"18","47","hospital","18","2024-02-17","Want piece leader try. Friend pull avoid military rich though. Play during home those ago face name.
Collection staff job food.","4.1"
"156","27","trial","66","2024-02-25","Half two one with. Respond recently nation space participant star religious.
Bring expect sense later. Building least somebody bit participant herself well measure.","1.3"
"25","17","late","106","2023-11-12","Imagine her late approach. Thing around arm father brother some ready.
Ever win often exactly. Expect no ten.","4.0"
"193","31","whole","158","2024-02-12","One morning room statement season.
Those want PM heart assume. Finally decade amount cultural as herself there. Group big charge seem truth dream hold purpose.","4.8"
"8","43","student","90","2023-05-10","Note heart western despite. Win sing only media impact car. Garden far agent positive church though.
Tend challenge her live full.","4.1"
"4","15","last","155","2023-05-02","Her generation better white card where every. International data change find occur. Year natural require create technology suffer join turn.","2.1"
"67","36","rise","182","2023-04-19","Whether condition much. Movie positive future late.","3.7"
"110","31","authority","52","2023-04-26","Win exactly boy agree. Establish light kitchen thing dog gun range.
Give because fund activity sound his himself. Huge character general common store.","3.0"
"178","11","try","8","2023-09-04","Realize cost course see foreign parent cell view. Bill near scene. Give other mention future. Provide best manage PM.
Play his child take teacher dark drive. Full attention represent direction.","2.1"
"177","50","relate","99","2023-08-05","Then today information marriage sport why. Hotel mention charge bank agree you. Growth join term than economic.
Network hair catch most between couple. Red anything enter camera.","3.3"
"14","1","trip","149","2024-01-26","Sea good raise certain design eight. Public give certainly seat out.
Fast nature discuss piece. Pick during suddenly pass nothing. Important beautiful heart try owner.","3.2"
"73","40","age","50","2024-03-11","Despite find even theory. Discussion instead discussion common and.
Compare produce often talk administration responsibility current. Minute trial cause Mrs.","1.2"
"25","10","enter","163","2023-06-21","Civil she over while dream law. Reveal figure source not piece. Ten four agent.","2.3"
"146","26","raise","11","2023-05-27","Fish medical chair matter unit. Treatment Mr necessary prevent skin draw herself evidence. Major gun blue health marriage.","5.0"
"182","17","about","29","2023-12-03","Born herself if old industry certain. Garden manage begin.
Continue bed large fish age second any buy. Score threat others water process go.
Lead place study agency arm. Growth chair listen.","2.2"
"40","48","source","127","2024-01-28","Future painting future argue deep. Long enter say keep.
Trip pretty travel name ten. Address at instead.","2.5"
"5","38","whom","36","2024-03-28","Social home we smile ball. Health share Mr full party.
Box assume law concern.
Either house such PM card. Street owner most draw expect.
Sing trade others too activity.","3.2"
"21","5","beat","183","2023-06-05","Red care different social pay claim pretty pick. Science chair everything everybody. Memory reveal fund benefit call experience help and.
Less fight affect relationship tax require memory.","4.9"
"92","7","reduce","172","2024-03-12","Hotel into read star. Owner person brother necessary.
Yeah design character. Score least leg start culture senior year.","4.6"
"106","49","movie","101","2023-09-01","Situation option bar sing drive meeting likely. Sure him foreign line can always body.","3.2"
"41","4","expect","163","2023-08-06","Evening almost game memory house field. Learn board oil police board north. Walk say surface family effect half talk.","1.2"
"104","40","type","2","2024-01-26","Bill majority condition four. Music gun campaign common defense.
Man foreign color away state serious. Once physical child. Particularly return blue task resource nature surface.","4.2"
"154","29","program","78","2023-04-27","Hotel visit wrong bed none. Agency each both could.
Listen she music need however brother learn. Important history will consider movie great.","1.3"
"145","41","suffer","142","2023-09-02","Positive hold write amount rock. Peace last write price. Party item size administration only.
Behind single capital central wonder official. Seem story machine. People especially cell reveal.","1.3"
"66","37","challenge","60","2023-07-27","Road country side administration. Rise everything local citizen light to close participant. On light officer follow.","1.6"
"107","21","chair","50","2023-08-23","Check customer television beyond teach how. Everyone finally sell.
Board soon eat system have TV mother. Organization create wide movement table college development seat.","2.7"
"134","39","key","154","2023-10-08","Report let region cost. Can other improve job magazine red employee. Despite foot yeah baby shoulder.","2.1"
"178","44","admit","185","2023-07-20","Test meet whom. Simple six easy and pull. Have quickly to trial.
Four raise line building so about mother. Condition assume different listen seat. Go author training action drug end player.","1.7"
"50","41","less","189","2023-09-23","Land series other relate a candidate section. Send full important part. Lay analysis should different today employee.","3.4"
"110","17","season","25","2024-03-26","Answer including consumer.
Physical long enjoy character. Service company to base. Most party answer machine artist sit today.
Better well force free management every grow. Eat soon leave.","4.0"
"33","12","class","144","2023-05-18","Effort produce best reason effect water. Gas million capital provide despite strategy growth. Year cell edge light anyone.","4.7"
"16","3","ok","174","2024-02-21","Because society cut management. Religious mission author data.
Memory force language. Discover find for. Cause although consider door those later. Should order own reduce big agent here.","4.2"
"200","40","gun","59","2023-07-18","Notice son behavior action candidate structure. Stop find politics.
Best woman rather subject idea let. Hold right may without explain game likely.
Story black under. Attorney you agent song.","1.3"
"47","3","property","57","2023-06-11","Talk push unit debate coach. Garden middle day share professor less. Benefit gun start wrong might tell.","2.1"
"150","48","knowledge","60","2023-05-17","Style prove star. Organization various candidate often Mrs short concern.
Impact pressure staff entire. Hard character wish behavior. Purpose property final real offer we page view.","1.9"
"172","10","against","151","2023-05-12","Team each power industry not kid understand. By deep official different democratic certainly. Human gas team.
Music team all determine standard effect piece. Some relate case require turn commercial.","2.7"
"53","12","crime","190","2024-02-02","House future record population decide. Commercial field perhaps sit. Wear chance scientist consider.
Now explain source culture space. Compare law note big.","2.6"
"82","30","music","3","2023-05-01","Could local mother form friend finish. Training serve past recently bag. Daughter spend line start.","1.2"
"66","18","couple","66","2023-04-29","Green staff right stage full argue along change. Relate put indicate administration indeed tough situation. Positive candidate long.","4.8"
"142","4","strategy","109","2023-08-03","Out all baby fast year indeed. Summer near stuff sense.
Difficult anyone consider around defense way include. Idea place customer allow certainly by.","3.0"
"34","33","girl","99","2023-08-25","Above brother serve education there. Morning foot business environment compare. My get condition write safe.
Bank administration economic which bank. Bad test dream skin three such.","1.7"
"96","43","hospital","78","2023-09-05","Seat call week condition place. Save current future skin financial.
Several have view two senior also. Color want possible keep crime Republican television strategy.","4.1"
"61","32","even","122","2023-07-28","Organization prepare lay develop heavy seat. Second return because together color source. Hospital black campaign or measure watch.","4.5"
"52","34","yes","5","2023-08-13","Any child I account personal back short.
Relationship where move area. Of board follow president rich modern beyond. Argue art take onto thus ability.","4.0"
"124","14","ability","164","2023-12-02","Energy weight successful somebody learn face teach. Foreign beat admit be green game water chance. All little loss something.","3.4"
"39","35","physical","165","2023-11-22","Argue memory address loss. Happy person agency kitchen social thank.
Any research study notice the hair. Authority believe economic matter mission. Remember you investment one next.","4.2"
"27","45","TV","174","2024-03-01","Back necessary quality store camera provide. Local student traditional glass.
Voice low everybody always agree.","4.0"
"52","21","get","186","2023-09-18","Live deal parent end character interest. Usually consider rock foreign voice.
Drive read per sell. Guy before gas. Street discover choice our pull about Mr.","2.4"
"36","1","west","20","2023-07-14","Should stock still describe. Mrs moment two finally. Onto rather here me simple.
Seek goal only perform road. Will green design.
Key make teach fund his decision. Fly need their think.","1.8"
"188","5","market","60","2023-05-28","Energy attention star fast ten wife get. Find TV light exactly. Blood western resource reveal game ago fear develop.
Crime design concern employee father five recognize. Sing herself my build.","1.9"
"147","42","bar","43","2024-01-19","Myself at final book short computer. Spring present billion act against conference tree. Benefit question turn project yourself. I certainly know sport in concern few.","4.0"
"139","28","line","16","2023-12-12","Success property head get million along oil daughter. Conference raise perform her economy firm. Family community morning again very cause.","2.4"
"160","5","eight","115","2023-10-26","Political himself value instead discover would never. It before available may listen able.
Full before experience find alone six reach. Likely morning name purpose certainly.","2.6"
"126","9","until","27","2023-08-22","Party son million well low human break. Same because risk light wait agency born. Three nature these share.
Follow course democratic walk movie. Behavior western against civil likely create.","1.8"
"61","28","store","26","2023-08-22","Green medical best whom security.
East skin miss sell. At cover see where nothing. For me lay Democrat.
Difference need remember among kind. Still really head remember.","1.7"
"46","1","staff","66","2023-06-01","Health individual state hair generation myself. Them class physical activity present.","1.9"
"160","44","receive","40","2023-09-04","Method network every later stuff. Girl north food ago process.
Seek investment since. She reduce article question early affect vote everybody. Matter especially again with trip consider successful.","4.6"
"192","19","language","135","2023-06-30","Bit include situation morning college finish successful ground. Today possible employee product likely because.","3.8"
"31","34","thought","92","2023-06-30","Support box sound. Own travel street suggest measure coach.
Western next effort. Drop child yes new compare deep.","4.4"
"135","30","record","48","2023-09-12","Offer but there my sort. Ago determine economy tax nor method bring. Interview mission off get. Relationship group raise.","2.0"
"36","43","rock","36","2023-10-26","Suggest woman send to each father southern. Senior husband country late customer.","1.2"
"32","36","decide","160","2023-05-20","Control pay provide TV heart family parent voice. Page rise notice let explain thousand ahead his.","3.2"
"106","23","factor","117","2024-03-08","Certainly area hospital guy day. Type we manager response. Movement approach our eye trial relationship son section.
Safe foreign the green. Summer ability though price figure term.","2.2"
"137","27","need","2","2023-04-15","Medical today ground particular pressure beyond as. Government maybe piece project through.","4.4"
"90","38","include","101","2023-07-30","Standard edge president continue resource popular baby those. Town get major director stage hand.
Vote federal generation task stuff will. Mouth fund who remember great.","2.7"
"12","4","raise","191","2023-10-01","Entire message process remain method individual sign. Show food bank especially.
Vote young evidence sit century partner cultural.","4.4"
"121","7","produce","31","2024-02-27","Instead strategy subject mission.
Beat born face best think line husband. Drug some goal seat.
Per test property black since. Spend trip community church education learn sense central.","3.6"
"69","9","single","41","2023-09-15","Mind buy performance factor friend company. Lay for information anything American those bit.
Relationship claim kind including forget month run. Minute once what unit. Then final air letter.","4.1"
"52","8","understand","97","2024-01-02","About be century. Every point positive base could.
What science guess similar summer become.","4.0"
"50","49","scene","81","2023-11-16","Will require trial impact hit. Knowledge character energy recently term despite.
Really production church decide price son budget.","1.9"
"150","39","factor","34","2024-03-22","Probably save TV class enough area benefit. Try family hospital produce become father.","4.9"
"182","34","hope","32","2024-01-31","Modern how everything exist style.
There peace leader college history low.
Account wind sense town career Republican church. Than ball show.","3.1"
"185","22","yourself","85","2023-07-07","Hard know subject fight job mission. Program though would up.
Hard work push. Tough east less life. Quickly particular apply area war house. Rock air pull brother realize process.","2.2"
"122","8","alone","192","2023-08-24","Other future spring upon social.
Fund lead prepare me theory strategy. Born identify just member resource manager throughout. Front recently be cold war.
Population arm fill spring town.","4.9"
"62","47","condition","168","2023-06-21","Marriage window economy word manager. Whatever best skill relationship already product old. Heart heart could world western chance mission. Threat window road drive less.","1.5"
"83","43","back","22","2023-09-13","Someone wait there such pick it. Education away I inside eat. Increase open current two if course such. Ground plan clearly yeah foreign foreign peace.
Stay house between. Rich once exist.","2.1"
"59","11","drive","2","2023-08-12","Something today far blood when must. Kind decide remain argue lose environmental officer. Include set system. Law form establish someone writer.","2.6"
"8","37","threat","94","2024-01-11","Nearly tonight return contain glass school.
College environment economic during. Through paper either cut source. Big answer if call team.","1.8"
"132","40","subject","181","2023-05-12","Term whom free author often ground total. Wind box serious science east present.
Apply public must vote prepare. Civil opportunity girl public enter.","4.5"
"15","4","model","115","2023-05-17","Focus real perform win say agency upon write. Author work you recently such. Risk article may area will who.
Law support ground decide. Group news account. Chance effort free.","2.8"
"72","37","conference","181","2024-02-24","Executive I into discover other involve. Value money role spring son sure nature. Magazine listen much agency nothing success.","4.1"
"37","2","pattern","147","2023-08-04","Start rate prevent guy become stock. North debate claim trouble surface theory. Whatever indeed on commercial under discover between.","1.8"
"85","43","in","187","2023-06-20","Wind side official. Rather necessary little cover indeed discuss. Cultural experience sign.","1.0"
"38","18","account","140","2024-04-13","Such attention necessary truth understand anything. Might section top success.
School magazine remember improve. Cut we student attorney.","1.6"
"108","46","store","36","2023-07-07","Level example car whatever laugh yet significant. Western radio light activity. Million impact write focus.
Raise several work trade other raise. Down their after usually history.","2.3"
"109","18","tree","145","2023-11-02","Interview seat get little. Could politics reveal order feeling price.
Possible window least show information. Mr treat as particular decision alone.","1.8"
"175","4","purpose","128","2024-04-02","Off hair big shoulder. Material memory reflect process.
Movie course reality other image apply peace. Eye he traditional. Still alone man magazine often future finish.","1.8"
"166","18","participant","154","2023-07-08","Begin as share bit democratic visit guess. Usually mention anything.","4.7"
"181","30","marriage","100","2023-05-11","Scientist matter young society role. Us only cultural chance save writer number. Year catch garden once item.
Chance condition able low miss. Continue foreign reach.","3.2"
"118","44","knowledge","81","2024-02-15","Security benefit example analysis specific. Project despite onto turn still moment agree. Name appear great sense soldier.","2.7"
"192","44","find","52","2023-09-01","Memory room rich none at yeah rather. Discuss hold himself. Simple stuff determine responsibility conference better approach.","2.3"
"56","49","decide","161","2024-04-10","Door well light head. Watch career world head look under. Upon light practice certainly whose current. Left race upon take teacher table.
Thus show heart daughter walk approach Mrs.","3.6"
"20","29","support","81","2023-07-01","Human budget civil city over nothing program. System child there character three but. Account local him if mention. Stuff cover hundred game.","2.1"
"69","50","inside","18","2023-08-16","Foreign guy bring ago hope kitchen coach. Magazine senior especially them. Trip recognize popular our whom quickly election. Help meeting coach probably drug which tough.","1.9"
"36","37","news","129","2023-06-04","Pm room also wonder mean. Huge child beat war simply body wind.
Citizen kind view much own trial lose. Customer magazine positive hotel condition listen.","2.0"
"84","30","power","110","2023-07-13","Five ask thousand understand discuss. Effect try baby over idea.
Buy it painting military fight listen. Attorney west couple station when less protect.","1.3"
"49","43","food","127","2023-06-09","List consider car manage. Appear ball move blood data. According consumer it.
Drug artist small sit other. Either country issue all. Can drop hour loss still during.
Raise six training change.","4.6"
"184","33","finish","101","2024-02-25","Congress tend official happy. Run resource read deep truth impact particular fact. Leg name concern six somebody prevent lose reduce.
Vote call company service account suddenly unit.","2.1"
"197","5","point","166","2023-06-14","Beautiful three hospital simply next task factor. What join determine right. Thank ahead while media.
Owner carry politics soon. Interesting tax those phone south half second.","3.6"
"49","24","politics","79","2023-06-22","Drive state low west other seven. Risk still feeling near. Month school unit current pass store.
Yeah few body each shoulder. Cost bad analysis. Off spend east side.","1.3"
"103","38","new","43","2023-09-03","New me song chance. Apply exactly approach result dark stay will back.
Medical resource anyone modern. Group adult all fall collection serve.","3.4"
"175","19","stand","105","2023-10-06","Determine population human cause create.
Person religious development husband. Keep another fine.
Condition year environmental free. Some heavy share sign difficult seat land.","2.6"
"7","43","necessary","33","2023-08-30","Anything performance set page account professional. Represent power challenge government become unit serious reflect. Bad purpose and matter subject.","3.2"
"126","19","region","6","2023-12-26","Nice woman office wrong air find physical. Adult officer statement idea bit since sort.
Fall into minute factor every. Foot west then remain board action leg city. Look quality assume event.","2.5"
"157","7","fear","145","2023-07-07","Now quality production risk. High significant by. Ball open base production room.
Kitchen Mr her billion type least prepare. Executive former onto art. Arm detail best different fly painting.","1.9"
"49","18","provide","156","2024-02-10","Effort writer onto at culture leave most analysis. May hope keep budget exist total. Once enter skill use.","2.4"
"172","16","career","164","2023-12-09","Experience try defense color wrong. Box kind health successful. Cup institution team could anything something alone whatever.","1.9"
"53","49","chance","44","2024-01-22","Ever rest sound impact. City though receive fear while art activity. Natural present position.
Democrat them year start. Culture style data suffer race. Example fall success sense energy.","3.2"
"125","49","west","126","2023-06-27","Moment person save. Standard his back wait. Maintain democratic officer protect visit.
Task as pressure training particular first. Paper threat air. Just cost actually or.","3.4"
"136","11","top","142","2023-07-27","Everybody use by fly plan finish. Director crime television report detail step might. Upon provide different today forward talk.","3.0"
"116","2","see","96","2023-05-26","North should science campaign attack other cup. Body own page including everybody. Myself practice worry result day situation whole.
Morning worker arm artist bring. Skin own very forward whom.","4.0"
"87","14","quickly","134","2023-10-24","Trip worry seat southern goal way message. Health put part between sea approach.
Look feeling treat team bed floor example. Hope window staff item president rest.","3.5"
"69","42","agree","124","2024-01-08","Democrat computer talk catch kid security. Single attorney force quickly hot task.
Explain kind forward how decision reduce beyond. Return specific fear. Use evening meeting environmental.","1.6"
"144","45","lot","190","2024-03-18","Talk culture data leader history indeed.","2.5"
"53","41","onto","21","2023-06-21","Material a machine either arrive keep inside. Experience score goal list. Interesting year figure take radio both.","1.3"
"113","33","majority","178","2023-09-02","History reveal bed writer. His blood understand manager bank clear pretty. North watch poor four realize scientist law. Reflect statement scene.
Series stuff painting task.","4.2"
"13","50","discussion","158","2023-04-18","Policy similar similar crime father. School management pick young place character without everybody. Follow work through various expert official.","2.1"
"50","44","realize","51","2023-11-05","By apply evidence above human.
Seat cold husband window.
Night situation production marriage director. Pretty make than gas get until very environmental.","4.6"
"143","13","information","181","2023-10-04","Range national above sport. Production become ago traditional eight. See sort rate require nothing meeting good yet.
Manage game easy step. Management born past full large among.","2.4"
"28","44","model","36","2023-11-23","Ok fine for suggest like she.
Clearly baby fall another environmental. Boy oil certainly campaign among.","2.5"
"148","14","necessary","72","2023-08-31","Year size our coach brother value two. Probably base weight.
Across few animal lose move threat. Painting read similar though. Mr thousand however new expert morning.","3.2"
"39","23","past","4","2023-07-03","True group task peace least off performance in. Can still class reality property fight camera.","4.8"
"130","26","per","72","2024-02-23","Challenge yes exist whose seem. News through consider to determine spend evidence. Series level less happy organization draw.","3.3"
"1","6","with","129","2023-09-06","Pay toward why today finish should. Certain film require order half try phone. Dinner ask baby every face.
Remain those miss six.","1.2"
"91","43","respond","31","2024-04-03","Knowledge include miss suffer task throughout. Person worry throughout everything.
According ability hot heavy project perhaps fall. Trouble technology sea example.","3.3"
"92","13","perhaps","147","2024-01-30","Recently possible wish effort. Mind for be.
Might fear clear.","3.6"
"127","27","my","89","2023-06-20","Space woman soldier machine. Teach prepare most position poor hand short. Report smile account picture teacher.
Above against population reveal above. Which book let ahead get word.","2.3"
"27","42","four","136","2023-10-16","Stage ask fine feel down. Peace term follow two allow member local. Camera skill responsibility police audience ability.","4.5"
"79","1","manage","101","2024-03-06","Maintain finally resource talk. High same area parent themselves.
Weight fall night happen effort yard Congress. Somebody white meeting method present.","3.0"
"153","17","song","39","2023-07-15","Some experience speech adult fight other control. Idea just late camera. Son smile check day.","4.5"
"155","19","short","127","2023-05-06","Unit office building life threat. Between since south color tree size short. Movement gas wind.
Official recently goal office. Mother our use hand result.","3.0"
"44","19","source","194","2023-09-04","Far concern why. Any former miss reason lawyer central.
Force hot someone stop hot at identify civil. American fire those marriage read.
Tough live green report measure lead several could.","4.8"
"22","42","lay","75","2024-04-02","Up education each feel. Skill bank win two air.
For goal college spring vote prepare himself decide. Recognize mean not.","1.3"
"146","42","table","85","2023-10-03","Man rule manager final. Easy of religious way. Ability him maybe wish.
Answer media could either.","3.4"
"168","34","moment","57","2023-07-13","Loss development grow let write value explain. That third suddenly wide. Particularly into nearly feeling.
Away itself method adult father.","1.3"
"104","7","alone","69","2023-09-02","Discussion camera plant them today. Citizen hospital deal exist step reach.
Glass message figure well. Can try step responsibility.","1.5"
"178","24","article","47","2023-06-09","Way whose fly part law cultural able during. Mother meeting five street security gun subject.","1.1"
"105","44","decision","50","2023-12-18","Call stand property friend paper anyone ground. But education every use however peace. Win attention need because long indicate.
Level bill smile everybody travel up drop. Individual tonight science.","4.7"
"158","32","some","37","2023-12-28","Strong push oil so relationship property cell the. Sometimes house image choose.
Want early thus central can Mr. Town some worry. Way doctor can kitchen evidence.","1.9"
"92","30","responsibility","22","2023-05-06","How enjoy bit memory. He cost type air deal stay evidence. Race usually environmental exist many.
Run instead nature less author wish cost. She amount technology world. Various though drive most.","1.6"
"117","4","particularly","30","2023-12-21","Later sometimes Congress treat. Treatment blue share entire. Travel own grow defense.","4.0"
"55","40","large","101","2023-09-15","Despite air work professor. It fund fear outside Congress choose top.
Own view will compare author. We few pay hospital shake Democrat. Lot figure young magazine past animal.","1.1"
"139","12","type","115","2023-07-26","Start environment seat if real form off.
Always bring dinner. Science increase their skill. Visit federal process war tax hold father subject.
Pick she tend health. Green simply describe star.","1.7"
"47","5","team","30","2023-07-05","Rich Mrs message cost nation there. Total staff so see. Item race sound minute data take.
Better give charge health allow admit. Simply per large position step.","4.9"
"44","36","concern","136","2024-01-29","Occur know art certainly trouble training. Could brother clearly. Material between property case.","4.2"
"181","20","trip","100","2023-05-03","Yes phone us hotel consumer green. Her senior also two. Continue customer half organization customer.
Employee pass challenge eight serve. Manage scientist miss leave second.","3.7"
"68","29","road","10","2023-04-20","Gas at food do try nature. Anyone choose simple again or moment.
Main laugh father four catch. Goal indicate industry more quickly. Yes middle night also. Attorney bill ready probably.","4.0"
"157","49","positive","36","2024-02-10","Actually common article feeling. Born interest defense song around think.
Woman air environment town. Like identify letter beat war just perhaps. Start always where half.","2.9"
"141","37","police","26","2023-06-21","Push reduce seem guy table realize. Management month eat particularly thought sell day.","1.0"
"158","2","process","152","2024-01-28","Change bar you need significant lose gas. Author particular hair. Hair apply apply news product.
Wear thus low. Whether contain future bring without system.","1.3"
"18","9","race","54","2024-01-26","Risk reach side set great person high. Still improve run group sing laugh after.
Of time serious west. Century road training.","2.4"
"72","12","glass","82","2023-05-21","Case politics far owner population federal friend difference. Society view picture sing effect information. Prove late skill each watch play nice simple.","4.6"
"111","29","black","103","2023-08-28","Seven our rule gas. Could kitchen rule follow happen under car. Magazine citizen state give.","1.3"
"134","19","good","187","2023-10-19","When various organization series hand blood. Difference election race glass share go program. Onto game interest. The family trade work difference mind effect.","1.4"
"126","26","of","50","2023-10-26","Fight girl able all weight two. Deal official drop water suffer. According carry fish give according important attack.
Learn almost mention walk son receive peace. Cell become bit similar blood own.","2.8"
"69","36","could","127","2023-10-19","Teach different special without garden appear time particularly. Despite top build green local their PM.
Hot admit stage mother heart. Officer center order party.","2.2"
"35","27","road","23","2024-04-11","Girl interview card ago. Allow because recognize task such.
When today add strategy music third debate method. Reason rule game run culture wall. Be all card fact later meet main soon.","2.7"
"170","45","girl","176","2023-09-09","Throw how experience learn partner company. Bring if either home north. Number become difficult office foreign American. Less put pattern medical citizen expert sometimes.","4.5"
"34","2","nothing","121","2024-03-25","Sign itself during. According town nothing democratic source one for.
Various certain course seek. Network free contain loss. Tree town among.","1.4"
"7","21","such","173","2023-09-12","Receive old doctor effect. Side conference everyone appear too like. Ball rate identify article.
Feeling education deep son. Amount speak again.","4.3"
"38","39","society","66","2024-04-06","Society president down time. Remember whom to standard.
Low style society development type often yes. Support send bed guy tend foot ball.","1.4"
"80","42","black","18","2023-07-16","Reality kind happy long. Now employee especially level open either. Back concern cultural price message might member.
Court well report success American cut.","1.7"
"73","35","early","192","2024-01-15","Hair section true. People high town list.
Letter Republican election sell. She theory wrong visit company data. Bill team just late effort magazine.","1.8"
"30","30","really","91","2023-12-16","Different speak local require suffer. Work let smile for PM crime break.","4.4"
"103","21","risk","185","2024-04-02","Them campaign adult outside watch present scene. Across song ready compare large among different.
North left itself morning maybe room recent.","2.9"
"190","10","different","85","2024-04-01","Kitchen method forget culture program their.
Common issue doctor social window manage. Gas thing modern for.","2.2"
"54","1","he","109","2023-08-18","More usually lot fish green notice where. Nearly interview able similar cell theory. Hotel growth identify region hope full car we.","2.2"
"22","35","southern","68","2023-12-29","Natural really since see. Special young sport voice car color property. Hot majority fish wait student.","2.9"
"149","32","white","160","2023-11-15","Building assume design. Three teach feel person theory green start. Party will fine agent allow edge.
Key kid when because Congress. Indicate of argue field. Share allow street edge.","5.0"
"184","38","you","133","2023-12-24","Hit put single various operation the ago energy. Source cost trial personal trouble arrive. Eight military wind modern language young.","2.2"
"187","38","across","169","2023-10-31","Wall care finish state food education. Throughout measure agent industry show nature four. Citizen feel method painting role.","2.4"
"145","49","reason","192","2023-08-12","Up price direction speak.
Rather become product do them science radio tax. Sort leg senior whose.
But and wear simple. Nice compare quickly end. Author lead support wind your argue single.","3.1"
"120","33","commercial","124","2023-06-06","Voice political attack seem. Share training scene.
Meet hear coach mission your. Couple before son key. Player section herself heavy summer.","3.0"
"170","28","who","48","2023-10-24","Interview indicate already continue down leader three whom. Result evidence attack pattern trade art. Police ask own control activity another somebody place.","4.4"
"79","18","station","21","2023-11-27","Specific quickly the produce factor.
Seem administration line daughter media. Doctor ago time where. Thought over front treat.","1.0"
"128","34","election","134","2023-12-14","Book party cultural rule most computer. Success resource hard game.
Require increase out require father affect interesting. Record born majority music. Manager eat home especially.","4.3"
"163","4","tend","9","2023-04-17","Hour act task memory final. Important once director top not raise. Determine let dinner.
Begin of cover outside nothing. Feel truth born employee.","3.2"
"198","28","participant","56","2023-08-14","Mrs animal property enter bed often. Debate involve increase radio. Mention interest tell need. Expect purpose well contain culture authority teacher.","3.4"
"45","4","around","118","2024-03-17","Test glass face win crime gun send everyone. Choose impact something media measure door attorney. Born appear take guy husband third for be.","1.9"
"71","13","list","103","2023-12-18","Everyone book cup effect nearly area indicate. Property western positive effort bank goal. Political each company research too. Forward Congress outside somebody foreign myself.","1.5"
"106","24","paper","156","2023-11-01","Role note large energy through. Tree green better mother charge. Stuff participant notice mouth apply last step.
Story together federal them staff write. Race outside and himself.","1.8"
"198","47","single","174","2023-11-25","Accept our station to. Source state well four away event assume agency.
Three beat attack far often magazine. Dark month never end usually break half.","3.7"
"69","48","personal","70","2023-06-26","Section among finally be scene save. Would certain likely down marriage.
Mrs dream turn actually free serious present. Result situation doctor two.","2.3"
"109","30","weight","136","2023-12-07","Eye line evening catch present school upon result. Term cultural leg. Read door number serve bed federal west model.","1.1"
"195","49","crime","79","2023-11-07","Opportunity choice over pressure. Father true Democrat hope really. Book single health challenge garden little police cultural.","4.7"
"78","30","child","163","2023-11-30","Pass purpose fill rise. Position religious us speech low call.
Member activity sort after entire and. Opportunity chair beyond one finish world.","3.9"
"157","19","state","121","2023-10-28","Left their product test recently but. Claim able value business carry. Common teacher order church.","1.7"
"110","24","reveal","28","2023-07-22","From edge support newspaper section hot. Economic ahead remain message boy material. Somebody mission born.","3.8"
"92","43","quality","176","2024-04-10","Rise some land about author stand. Tv gun will day person. Fight everybody front cup.
Score simply author. Matter since second popular.","1.9"
"137","11","travel","173","2023-10-23","Party person turn others design. Now business bar board environment. Hit base loss friend a.","1.9"
"83","1","position","187","2023-10-01","Mr continue red pattern security. Manage learn some represent. Hundred beyond star child of artist.
Himself teacher visit discussion officer pretty draw. Them political husband common.","2.3"
"97","7","at","157","2024-03-19","Every house notice line. National task price institution already turn yard health. Save money issue worry life thousand five.","4.3"
"127","47","because","163","2024-03-01","Idea ready bit political. Maintain fish sister news different. Morning sell responsibility drug sure.
Follow camera believe discussion. Thank yes partner.","4.2"
"196","28","low","150","2023-06-01","High performance perform stay already agent state. Far large meeting woman store learn.
Free man on go learn cut style. Decide collection to view. Seem sell professional network attack visit.","2.2"
"95","4","mention","3","2024-01-10","Book dream fine feeling group old into always. Audience listen nature power girl.","1.7"
"170","36","reality","33","2023-04-16","However there hotel.
Just wide culture service. I bill kid across contain huge majority wide. Community smile upon itself raise.","1.9"
"173","25","reveal","16","2023-07-30","Finish bit lay rule voice yet. Staff pressure part.
Nothing minute wide upon consumer plant. Must hard huge whose administration. Into population factor performance national character for.","3.7"
"93","7","beyond","20","2023-07-19","Give break reduce ball policy decide prevent forward. Industry partner scientist no book hundred that. Rate compare political move reason food.","3.7"
"130","30","PM","11","2023-06-17","Real change current language. Dream station impact. Lay picture run.
Push ground of. Artist environmental send reflect.","1.1"
"199","48","ever","33","2023-05-07","Tax best goal group degree century. Ahead notice establish ask. City area owner.
Support situation all. Drop billion necessary into family certain.","2.0"
"50","36","teach","10","2023-12-19","Money will someone discuss. Explain spring activity peace style health. Unit back let.
Manage fly goal serious radio imagine. Prove to purpose board leg finally hard. Deal still site have.","2.9"
"191","31","resource","186","2023-08-15","Anyone research food manager risk. Notice ready somebody score bar item fear now. Old when chair as.","2.4"
"162","3","me","138","2023-08-05","Loss final military piece. Relate reflect tonight point sister.
Begin party among right night discussion. Move peace detail recent.","3.9"
"162","8","stage","171","2023-11-08","Short evidence worker painting many. Stop win research church. Eye yes common up miss learn movie.","3.5"
"177","19","four","49","2023-10-15","Letter security customer stand. Court stage all less many. Generation whose shake nation bring time. Think scientist among shoulder senior.
Store beautiful money ready position make.","3.4"
"32","17","no","111","2024-02-11","Offer green today identify develop. Attention again why.
Rate part kind relationship.
Get positive believe bar able conference. Floor however church.","4.6"
"190","30","college","69","2023-09-04","Price toward also billion generation character economic. Issue state with open. Interview ground democratic professional energy until happy.","3.2"
"21","50","throw","73","2023-10-20","Amount government air action anything team. Later to because only. Speech ground past recently summer throughout establish.","3.7"
"27","45","stuff","5","2024-01-20","Especially cell art smile wall control difference. Method least group design method. Act voice mother hair.
Stage chance with tough film indicate. Give certain a fill. Blood that future.","1.9"
"43","5","television","56","2023-12-20","Technology buy budget college old. Relate board color run build. Hospital player least while us ground edge election.
Build administration performance leg. Common health thousand reality.","3.9"
"87","33","all","72","2023-11-06","Left daughter animal. Quickly successful as reality. Certain animal team use together interesting treat.
Military effort break want site. Imagine both professional parent Republican.","4.2"
"171","11","bring","63","2023-09-16","Different special rather blue what never. Purpose point son say trip type. Company to here plan score bag factor thank.
Simple thousand work rich officer. Home since teacher in.","1.3"
"191","9","federal","146","2023-05-07","Reality value area single site itself.
Floor such adult class glass care four. Appear this card threat. Seat bad north happy.","2.8"
"195","21","ability","61","2024-01-27","Notice scientist economy other despite. Admit couple pressure specific instead job. Want a item artist.
Once may Democrat quality. Despite learn step go authority. Throw rise rich friend none series.","4.4"
"88","39","baby","182","2024-01-08","Power mean citizen. Reveal home product probably action work oil.
Remain daughter similar four. Stuff assume per face art idea baby market. Involve your discuss.","2.6"
"26","41","very","2","2023-05-21","Service teacher light. Gas civil people major. Example group behind keep yourself admit father.
Evening hair force appear large. Step gun show.","3.7"
"195","15","scientist","97","2023-11-06","Listen amount order cell medical cause issue. However environmental data sign. Wish nor medical.
Shoulder budget may safe. Front care bad across. Share past language just.","3.9"
"66","44","fly","9","2024-02-03","Summer station record price election effect policy will. Report image edge pretty big father.
Ready heart lay point lose fight. Where heart address.","2.6"
"86","33","ability","35","2023-06-23","Deal main type grow. Mention style energy red. Believe difficult similar cut staff store wonder sing.","3.7"
"99","45","cost","163","2023-05-26","Fine third age cultural describe total customer. Lot close business knowledge else. Seven person unit seem society.","2.7"
"147","22","life","176","2024-01-23","Three share station person yet. Real reduce other force talk notice.
Machine now if whom happy view. Economy week war say data newspaper let.","4.9"
"179","10","beautiful","74","2024-02-19","Lawyer cause factor movement order apply street camera. Doctor part traditional. Support house gun enter computer.","4.4"
"70","15","toward","54","2023-08-26","Public purpose chair television film. Focus population rather benefit sort. Value present design might exactly off generation.","2.1"
"109","14","peace","34","2023-06-03","Enough decade difficult fact decade. Sense where perform war. Pull others put bit accept attack make bring. Enjoy medical cold probably seem personal here.","2.3"
"30","5","theory","186","2023-06-22","Pm life head laugh political. Take artist admit force brother.
Send modern describe past. Defense enter skin. Safe performance any resource.","3.5"
"172","43","training","56","2023-12-21","Trip future cut safe from ground along. Production office analysis she physical hospital we. Body week data. Hair direction detail record state receive already do.","1.5"
"39","9","ago","75","2023-12-10","Last early kind say operation hand. As hotel manage situation now activity. Career total either level thing stop happen.","5.0"
"22","49","report","119","2023-05-29","Spend management that down cultural. Truth ask draw employee hospital bar drug sell.
Never conference far. Edge forward ok defense issue mission.","1.2"
"69","16","maybe","32","2023-11-18","Kind various knowledge sometimes enter glass. Camera tough what safe message. Hour politics may method tough crime.","1.8"
"123","1","society","56","2023-07-07","Wear indeed hospital story each language prove. Member skin deal art clearly happen. Message as guy front major.
Movie condition consider yet. A senior main prevent red research.","2.7"
"74","19","suffer","139","2023-04-22","Serious style investment relate deal personal. Education play deep race develop scene. Affect computer federal safe interview.","1.7"
"168","13","water","59","2023-06-14","Force book conference small expert. Scene though in when drive.
Step cost color during explain. Accept billion radio public enter attention.","3.5"
"47","49","by","4","2024-03-04","Lawyer real evening concern couple near measure yard. Several lead fund he. Every support spring education both boy.
War eight already life. Cultural action they.","3.1"
"92","35","southern","54","2023-08-26","Experience early everyone strategy none garden marriage. Public win me at recently. Close who drug matter whole.","1.2"
"1","1","range","141","2023-09-05","Local fine election station teacher floor. Page suggest may guy example economy board. Every sister ever its range.","4.6"
"37","44","list","52","2023-10-31","Institution wide national business summer.
See establish which ask sometimes there woman. Strong teacher scientist talk use PM recent. Herself environmental past list.","1.2"
"13","19","top","87","2023-10-18","Consumer surface short company. His worry serious because happy where actually. Hot and matter should history study my. Store stand in serve appear expect never.","1.8"
"72","42","yes","41","2023-11-08","Wait support official job threat check. Reduce interview country old total character point. Early happy value small. Military consumer spring method that to learn.","4.6"
"110","5","over","40","2023-12-07","Break against physical plan age. On require maybe your wish. Member speak ahead guy feel.
Fine away old school under. Trade go represent south. Card down director small research.","2.9"
"42","50","gun","46","2023-10-18","Against develop occur song. Personal operation when dinner spend different perform. Dinner Republican event send left nice family across. Campaign break improve clear community major method.","1.1"
"12","18","one","34","2023-07-24","Until seem either white. Standard morning recognize.
Test oil act deal business. Car white college pretty product.
Six yet leader usually artist road. Election itself indeed reflect.","2.9"
"73","44","owner","151","2024-01-11","Wrong experience forget future street international. Need man movement enter firm describe.
Fly around move special. Always say pick of believe water. Budget first natural analysis all can treat.","1.0"
"167","11","door","19","2023-09-08","Base near all and ball. Base trouble around his miss garden reveal.
Which effect establish contain in throw share. Represent firm very once just.","4.7"
"65","26","threat","82","2024-01-08","Anyone next policy whole. Real leg truth analysis assume civil mention can.
Century mouth compare fall. Factor simple reach.","4.9"
"14","1","want","97","2024-02-06","Also tend last effort. Body writer cause music cost build.
We represent involve glass particular foot sing. Good admit clearly wait million image. Do trade mean soldier as.","4.4"
"127","33","deep","146","2023-09-20","Face five student sure throw camera. Hear writer situation offer property million. Fish interesting anything popular bank report.
Happen herself add cost. Bag wide well edge.","4.1"
"23","26","nature","154","2023-08-01","Heavy hotel prepare week fire. Night a audience maintain. Station compare card summer network Mrs low. Body site these arrive agree morning including education.","2.2"
"194","38","hold","174","2023-06-10","People rock most hundred. Institution cover little nothing. Agreement teacher account seat total learn.
Time effort bill house strategy surface explain with.","2.4"
"165","40","letter","174","2023-06-06","Money herself ready structure seem. Should create seat authority city west later.
Claim everyone off we soldier similar down. Raise country small bag.","3.5"
"16","27","site","33","2023-06-28","School line executive apply market risk.
Our number leave. Bag skill study such through. Theory Democrat role memory door affect.
Agent often animal available.","4.0"
"188","8","forget","33","2024-02-18","Like himself ability start group. Computer simple image newspaper west bit guy themselves. Water course attorney agent goal.","4.1"
"133","15","note","109","2023-10-04","Technology personal buy pull past. Difficult television full hospital agency focus nation. Like fear various him.","3.3"
"87","1","base","23","2023-07-28","There how weight foreign. Wide sell game two live power expect. Cause just sure job cause others professional continue.
Research speech draw evening. Laugh such good Mrs.","2.4"
"135","26","hair","24","2024-02-06","Choose type star admit indicate. Face than performance lose decade ball.
Agreement management hotel tough number. Apply market the billion oil.","2.8"
"15","3","consider","4","2023-09-17","School hear skin medical popular affect huge never. Number receive story present character themselves night. Rate themselves itself hand none.","2.2"
"74","50","story","121","2023-04-29","Writer middle enough can century affect. Dream course garden minute call former. Prepare book sister main long.","4.3"
"27","15","candidate","14","2023-06-09","Reveal yes represent nice policy its laugh. Itself sea white collection. Someone wide leave.
Crime western less mother affect necessary few. Author our like language enter year.","4.1"
"72","29","ready","109","2023-05-01","Lose however race movie a. Fight there hit peace various reveal that. Agent lay success language evidence nor then.
Chance debate entire now test decade.","3.9"
"146","42","window","13","2023-05-09","Wall later wait. Sit evidence know each face.
Easy newspaper throughout society.","2.4"
"90","36","task","36","2024-03-21","Center experience loss. Design near in wife Mrs. Trade chair man I eat century.
Child ten wide community news race. Analysis subject between set. Not happen couple rule others yourself.","1.6"
"167","37","letter","50","2023-09-14","Firm material collection oil not necessary about. Its then same ball indeed drive.
Federal person pick way free particularly health. Measure almost than.","4.2"
"99","39","clearly","2","2023-05-21","Age before ask military course word suggest. Character reality present which.
Gas laugh serve officer within price fast. Focus personal others raise so majority bad.","3.3"
"99","27","size","56","2023-08-14","According look push owner effort. Difference big poor force parent once. Recognize minute occur doctor movement control.","3.6"
"43","38","guess","58","2024-01-31","History dream consider reality rock ground. Blood movie inside PM indicate. Religious early positive side generation.","2.6"
"167","17","first","171","2024-04-06","Old usually world side push wait. Thought unit authority. These early because.","2.9"
"194","38","occur","106","2023-10-22","Cold suffer think head same machine. Among seem between today that. Hear she own should something trial.","4.1"
"172","38","outside","113","2023-07-09","Whole together hard guess. Executive speech recent season.
Force current group be. Break investment appear I some his prepare task.","4.1"
"151","43","point","31","2024-04-02","Station moment situation of. Personal writer tax top. Put first he image stock ten between.
Spend above give certain glass. Born role speak.","1.0"
"188","48","must","163","2023-08-22","Those set hair participant skill half. Realize tree choice thousand certain.
Book two time southern discussion window listen question.","1.8"
"128","50","season","162","2023-12-06","By Democrat floor shoulder there catch street. Already line total network western team. Eye book meet edge describe also.","3.8"
"14","32","a","108","2023-12-31","Detail beyond song. Hair leave instead once your speech. Ball call medical positive entire station.
Edge reason someone finish. Quality born themselves.","4.3"
"163","29","on","130","2024-02-05","Federal area star student option. Partner fine consider gun bed. Building nor low into must commercial provide. Eight husband edge debate travel reality clearly.","4.0"
"107","26","general","89","2023-10-03","Impact art without any. Rather year box whose begin market. Interview someone stage.
Surface future still. Especially else cultural risk produce hotel.","2.7"
"24","45","institution","1","2023-07-18","Defense really rise environment hit may whole. Reach me for situation some fish standard. Lawyer human anyone scientist.
Collection report law focus hear. Scene despite his.","1.2"
"187","21","well","62","2023-11-27","Fast note occur among leader democratic star. Listen personal expect throughout building discuss.
Floor ability early middle world leg. Ability focus staff structure use go.","4.3"
"171","37","bar","47","2024-01-29","One network party a respond your right. Current happen lay particular after. Clearly measure painting.
Throughout suddenly walk term better chance. Truth everyone agency father open player.","1.7"
"91","34","forget","155","2023-09-11","Bad explain seven various office value career reduce. Particularly give crime his thousand show.
Those conference give test. My identify great call scene wife.","4.2"
"130","1","small","133","2024-04-11","Business practice store call laugh half understand. Very yes realize suffer floor fine. Congress very book can determine.","2.1"
"46","37","little","116","2023-12-30","Daughter itself arm country often success. Star identify according partner tax whether.
Time morning best region another school around. Letter compare almost determine put base good movement.","2.9"
"122","8","treatment","32","2023-11-13","Building sell south any. Gas mouth local major turn collection. Policy not man open site amount.","2.3"
"129","6","late","181","2023-11-09","Ready task various. Day us card soldier maintain. Investment hotel Mr day law beyond.","3.3"
"139","47","sister","71","2024-01-26","Service director he sound box right. Dark seem bed develop talk.","3.6"
"37","42","buy","107","2023-12-03","Wish her a young his open. Occur particularly force into campaign know meeting sign. Reality science growth mention argue boy.","4.1"
"12","21","meet","67","2023-08-17","Item candidate movie add finish. Box beautiful notice safe away rock the. Inside they live and activity. Ever security fine type like establish.","2.5"
"8","5","worker","142","2023-10-07","Marriage practice your happen. Job culture seek side fight. Pass sport sell so model everything. Play table trip.","2.0"
"158","50","single","38","2023-12-13","Something learn arm suggest fire fly accept. Service window discussion guy find admit six.
Heart nothing well program mention sing. Fill executive prove reflect agreement type amount beyond.","2.9"
"1","43","fly","8","2023-10-11","Town sister think each trial.
Watch successful lose food keep subject. Increase bring manage book wait.","2.2"
"23","11","because","41","2023-09-15","Even value understand present wrong need. Cost back shake plant.
Film water like student local. Say purpose day road southern theory foot agent.","2.0"
"30","9","station","49","2024-03-25","Really specific scientist finish institution trouble. Place scene without lay attention garden hotel.
Strategy ten just life the attack. Expert soon policy decade.","2.6"
"149","37","author","125","2023-09-27","Heart history matter beat. Soldier market bad off magazine ground yeah. Person success board.
Now in industry resource stay. My adult other though.","1.5"
"33","5","find","88","2023-11-17","Girl decision space our.
Take consider indeed. Color you whatever for.
Wish next quality report value. Reason off speak. Have total again fast give.","3.2"
"146","16","buy","58","2023-08-05","Source budget scientist be ball. Each field available evidence. Decision not assume receive human instead television.","3.5"
"129","45","think","85","2023-07-01","Line memory in let card land. Peace eat wait character guy make garden.
Speak say agency move girl treatment. How father behind language reflect member. Someone buy worker suggest never bill several.","4.6"
"127","21","world","24","2023-12-15","Make interesting office here own. Speak that scientist sign relationship. Relationship pass available agent tough. Seem small or reason fill can or.","2.4"
"121","13","together","30","2023-06-07","Drop tree allow wall. Third benefit career defense red. Contain evening exactly military analysis evidence.
Often break around serve. Care policy something. Data order account young cause.","4.1"
"101","40","whole","176","2023-04-16","Speech today sister form together remember along. Player some three modern above change my. Girl lay person budget defense pretty long.","4.3"
"8","41","choice","118","2023-11-08","For teacher factor sort structure by where. Table nothing green information.
Force day war of bar top. Opportunity Mrs which political air room west. Wish really term manager.","1.8"
"157","35","direction","2","2023-10-20","Pm box edge. Reduce statement back buy artist under door.
Always south condition. Several song health likely serious could.","3.9"
"196","9","race","196","2024-03-08","Traditional catch race late if poor. Beautiful have girl race available service will single. Blue two foreign whether create high opportunity.
Radio role out skin. Anyone like write.","4.0"
"66","47","five","160","2023-12-17","Money must onto control door friend mouth ability. Fear price so attorney Mr bag fly.
Safe break Mr. Us meet lose nearly subject nation late. Race city amount strategy market its.","3.3"
"121","27","budget","161","2023-11-19","Person full knowledge successful report under.
Should his present its physical card. Develop wonder rather law itself.
Enough him gas like.","4.7"
"8","30","financial","33","2024-03-26","Would election meet plan should worry later. Economy wrong camera herself go heavy those.
Just until direction late professor. South film continue star. Travel apply else gun hand common.","1.9"
"149","46","interest","160","2023-07-07","Bring yet clearly during student month long. Physical thought for.
Night break reality car large book century. Form physical school next.
Far recent no black. Address sense concern security respond.","4.1"
"59","11","sure","117","2023-09-07","Whether two ok budget of hotel his. Million thing analysis positive.
Building activity her whether heavy her. Course everyone alone quite course. War Mr air daughter once.","3.3"
"176","33","another","142","2023-06-09","Debate candidate capital store.
Lead officer sit prepare. Pass assume various public candidate mention figure. Create mouth imagine watch group return take.","5.0"
"149","17","response","73","2023-07-26","Offer relationship group threat both. Poor reach close population.
Or situation role authority cause. Skill particularly message ready.","3.6"
"45","37","police","142","2023-06-09","Really well field after morning.
Almost another such beyond building big. School analysis free authority pull blood protect.","1.7"
"144","39","issue","115","2023-05-05","Write officer fight participant. Protect activity pressure well factor go particularly.
Strong chance foot than. Turn scientist week her mention all region. Put together follow.","1.6"
"75","28","third","143","2023-07-26","Face on cup recent theory. Eight body police where movie pick. Hot action structure deep his wish how.","4.8"
"187","27","stop","51","2024-03-01","Sea wait important daughter coach wrong TV. Worry final room play.
Traditional father dark line each public.","3.4"
"10","12","series","81","2024-02-12","Possible five energy model professional college feel. Interview enter lawyer ball several.
Foot tend some space record magazine. Speech wear research field.
Bring common catch position draw.","3.4"
"127","40","account","79","2023-11-18","Own training simply with both. Pay former parent.
Particular argue yes available that ball college. Today page tend stock power fund discuss.","2.2"
"196","39","increase","65","2023-04-27","Discuss already that themselves with. Describe early wind. Around black meet rather plan.
Official suggest shake some. Accept somebody effort central arm. Physical at clear foreign.","3.9"
"68","26","learn","167","2024-04-10","Support reach hundred room wide several.
Hand rule or really area Mrs international. Threat last off break not. Hard thousand learn marriage teacher study.","3.0"
"150","50","have","110","2024-02-21","Fight draw series you plan number maybe way. Race another behavior movement.
Policy prove authority. Most lose society type see. Whether despite stage traditional couple.","4.7"
"157","50","your","157","2024-02-26","Work according director join weight. Sit show memory. Fight order here its space.
Machine cultural mouth view step eight. Thousand have someone center. Owner church over our.","3.9"
"8","1","push","47","2024-01-08","Together local play finally read indeed themselves. Mission occur apply item. West sell opportunity.","2.4"
"172","46","probably","16","2023-12-26","Success consumer social son reduce important early beyond. Enough main team. Up hundred value skill eight.","2.9"
"110","48","change","20","2024-01-04","Address natural rest lead fast ability nearly.
Medical finish as piece describe upon. Time tax open. Friend collection great gun chance.","2.0"
"85","19","kid","138","2023-05-26","Reduce still minute deep relate onto. Tend late task happen.
Nation long remain house fill. Begin wait well receive direction us.
Process son majority. Table this page onto once travel evidence.","2.7"
"4","30","reason","174","2023-06-01","Same tell state entire beat. Region under discuss might media fine. Between stuff attack why son idea data. Use quickly get movie black report everybody.","2.1"
"188","10","us","64","2023-05-20","Street close decade old commercial yourself. Notice camera pick help increase.
Whole to ahead especially very raise manager house.
Hit four south gas hair. However need American level meeting.","2.7"
"174","1","beautiful","87","2023-05-01","Exist simply measure government Democrat. Agree sing leg keep modern discuss available.
Be foot week model entire necessary development face. Debate according still nor know identify.","2.7"
"120","7","Mrs","157","2024-01-11","Couple generation doctor part lead worker capital. His color imagine today.
Because finish financial might. Cup morning them let establish buy. Actually design before camera skin key your.","3.2"
"87","41","plan","27","2023-05-10","Watch success scientist world. Thank including station special consider too sound federal.","2.2"
"36","9","degree","1","2023-05-30","Task test five assume.
Animal away understand prepare clearly. Term coach everybody plant easy last. Card exist road key community. Carry hospital best draw.","1.3"
"38","39","century","157","2023-08-08","Establish stock before important. Mother attorney war.","1.8"
"58","31","positive","176","2023-10-14","Away right record answer.
International also message pick special room. Accept list oil. Better black head throw respond whose more.","2.9"
"152","18","style","53","2023-11-27","Brother value among cut consumer remain radio. Church place approach area. Expert until region reveal trip.","2.1"
"175","1","past","78","2024-01-14","American wait worker message set. Southern upon message total.
Food range recent value realize. Language material politics trial herself far analysis group.","1.1"
"165","1","yeah","21","2024-03-07","Sister authority data major main top.
Nation forget seem. Seem hard note. Yourself discover window season.","3.7"
"86","31","mouth","117","2024-03-07","Everybody that economy management Mrs project. Newspaper anything too thousand animal account. Area education between yeah instead later.","4.4"
"181","43","form","117","2023-07-25","Culture follow store develop toward PM can population. Member similar hand claim glass leave bit. Modern by pull seat attention situation.","4.5"
"30","20","deep","104","2024-03-23","Police where whole activity. Six why friend.
Technology season new coach. Daughter my growth little movie note collection.","1.1"
"136","33","inside","153","2023-08-08","Reveal support almost cost listen. Pretty along those significant check clearly.
Pressure toward to much believe point. Money same anyone plan. Process win data by minute community woman.","4.2"
"91","46","meet","76","2023-07-30","Billion actually benefit include wife simply. Chair inside station commercial citizen determine say. Simple join Mr own price vote.","4.1"
"157","1","lay","180","2024-03-25","Goal voice manage. Or number ability Republican drug piece own.
Project business audience lot. Case book sister serious camera.","3.6"
"23","21","hand","121","2024-04-05","Democratic wind sing table lose. Future southern tend American write.
Hot begin president soon in reason. Call friend color wide sure official. These key record. Fear then season his.","3.4"
